{"id":1,"s":"3rd Ave & Broad St","n":"BT-01","st":1,"b":false,"su":false,"m":false,"lu":1457053580978,"lc":1457057248447,"bk":false,"bl":false,"la":47.618418,"lo":-122.350964,"da":13,"dx":0,"ba":5,"bx":0}
